{
  "nodes": {
    "text-to-audio#1": {
      "rfNode": {
        "position": {
          "x": -113.73336298932387,
          "y": 0
        }
      }
    },
    "image-generation#1": {
      "rfNode": {
        "position": {
          "x": 603.9458120825342,
          "y": -14.518192546270262
        }
      }
    }
  }
}