{
  "nodes": {
    "text-to-audio#1": {
      "rfNode": {
        "position": {
          "x": -113.73336298932387,
          "y": 0
        }
      }
    },
    "image-generation#1": {
      "rfNode": {
        "position": {
          "x": 603.9458120825342,
          "y": -14.518192546270262
        }
      }
    },
    "speech-to-text#1": {
      "contentWidth": 450,
      "rfNode": {
        "position": {
          "x": -0.6320563741240124,
          "y": 542.1146562507495
        }
      }
    }
  }
}